City_ID,City,Lat,Lng,Max Temp,Humidity,Cloudiness,Wind Speed,Country,Date
0,Fortuna,40.5982,-124.1573,64.65,66,75,5.99,US,2022-06-19 22:29:31
1,Ushuaia,-54.8,-68.3,29.86,100,100,3.44,AR,2022-06-19 22:29:32
2,Barrow,71.2906,-156.7887,46.42,76,0,13.8,US,2022-06-19 22:29:32
3,Shumskiy,54.8318,99.1328,54.64,90,87,2.46,RU,2022-06-19 22:29:32
4,Busselton,-33.65,115.3333,58.96,79,100,2.91,AU,2022-06-19 22:29:33
5,Albany,42.6001,-73.9662,69.46,36,3,1.01,US,2022-06-19 22:29:33
6,Lebu,-37.6167,-73.65,51.67,87,100,10.27,CL,2022-06-19 22:29:34
7,Haines Junction,60.7522,-137.5108,62.55,36,29,11.5,CA,2022-06-19 22:29:34
8,Esperance,-33.8667,121.9,48.04,80,100,9.82,AU,2022-06-19 22:29:34
9,Port Elizabeth,-33.918,25.5701,47.1,93,0,5.75,ZA,2022-06-19 22:29:35
10,Pangai,-19.8,-174.35,82.51,83,75,5.75,TO,2022-06-19 22:29:35
11,Port Alfred,-33.5906,26.891,57.85,72,71,7.67,ZA,2022-06-19 22:29:36
12,Punta Arenas,-53.15,-70.9167,35.71,87,20,12.66,CL,2022-06-19 22:28:33
13,Mahebourg,-20.4081,57.7,71.89,73,40,8.05,MU,2022-06-19 22:29:36
14,Riyadh,24.6877,46.7219,87.94,7,4,4.38,SA,2022-06-19 22:25:40
15,East London,-33.0153,27.9116,62.47,61,100,8.25,ZA,2022-06-19 22:29:37
16,Provideniya,64.3833,-173.3,46.51,76,40,8.95,RU,2022-06-19 22:29:37
17,Sarahan,31.5167,77.8,54.43,67,3,6.67,IN,2022-06-19 22:29:37
18,Azanka,58.0401,64.7893,55.17,98,19,1.79,RU,2022-06-19 22:29:38
19,Banjar,-8.19,114.9675,75.72,90,78,4.56,ID,2022-06-19 22:29:38
20,Nemuro,43.3236,145.575,55.6,100,100,7.07,JP,2022-06-19 22:29:38
21,Novaya Zaimka,56.4857,66.9241,59.23,98,99,5.37,RU,2022-06-19 22:29:39
22,Keetmanshoop,-26.5833,18.1333,52.5,49,2,14.63,NA,2022-06-19 22:29:39
23,Terrak,65.087,12.3715,51.67,91,25,1.19,NO,2022-06-19 22:29:40
24,Thompson,55.7435,-97.8558,84.36,45,75,5.75,CA,2022-06-19 22:29:40
25,Launceston,-41.45,147.1667,53.8,85,40,8.05,AU,2022-06-19 22:29:40
26,Bredasdorp,-34.5322,20.0403,49.64,83,11,4.05,ZA,2022-06-19 22:29:41
27,Chuy,-33.6971,-53.4616,49.01,61,74,6.44,UY,2022-06-19 22:29:41
28,Petroussa,41.2,24.0167,64.92,59,91,1.57,GR,2022-06-19 22:29:42
29,Touros,-5.1989,-35.4608,77.02,79,36,10.89,BR,2022-06-19 22:29:42
30,Leh,34.1667,77.5833,43.2,87,100,4.61,IN,2022-06-19 22:29:42
31,Kidal,18.4411,1.4078,93.74,24,95,3.94,ML,2022-06-19 22:29:43
32,Tuktoyaktuk,69.4541,-133.0374,37.4,87,40,16.11,CA,2022-06-19 22:29:43
33,Swift Current,50.2834,-107.8014,67.01,77,75,12.66,CA,2022-06-19 22:29:43
34,Kahului,20.8947,-156.47,89.62,43,20,19.57,US,2022-06-19 22:29:44
35,Cape Town,-33.9258,18.4232,56.12,75,0,11.5,ZA,2022-06-19 22:27:39
36,Kapaa,22.0752,-159.319,82.38,74,75,12.66,US,2022-06-19 22:29:44
37,Fukue,32.6881,128.8419,72.86,95,100,8.77,JP,2022-06-19 22:29:45
38,Hermanus,-34.4187,19.2345,52.97,82,26,11.43,ZA,2022-06-19 22:29:45
39,Saint-Philippe,-21.3585,55.7679,65.79,78,55,13.69,RE,2022-06-19 22:29:46
40,Tasiilaq,65.6145,-37.6368,50.16,67,69,4.03,GL,2022-06-19 22:29:46
41,Hithadhoo,-0.6,73.0833,83.37,69,77,7.4,MV,2022-06-19 22:29:46
42,Chokurdakh,70.6333,147.9167,46.54,66,91,20.36,RU,2022-06-19 22:29:47
43,Caravelas,-17.7125,-39.2481,71.19,81,1,5.61,BR,2022-06-19 22:29:47
44,Vaini,-21.2,-175.2,80.76,83,75,12.66,TO,2022-06-19 22:29:48
45,Westport,41.1415,-73.3579,74.08,36,0,19.57,US,2022-06-19 22:25:34
46,Mar Del Plata,-38.0023,-57.5575,47.95,79,40,4.0,AR,2022-06-19 22:29:11
47,Sorland,67.667,12.6934,48.06,92,68,11.03,NO,2022-06-19 22:30:48
48,San Lazaro,18.0387,-88.6622,80.33,86,100,6.82,BZ,2022-06-19 22:30:49
49,Saskylakh,71.9167,114.0833,41.29,53,12,1.59,RU,2022-06-19 22:30:49
50,Middleton,53.55,-2.2,56.91,76,67,4.14,GB,2022-06-19 22:30:49
51,Kibala,9.1104,18.3463,78.75,83,0,0.0,TD,2022-06-19 22:30:50
52,Katobu,-4.9408,122.5276,75.36,90,100,2.57,ID,2022-06-19 22:30:50
53,Erzin,36.9559,36.2,70.79,85,3,1.99,TR,2022-06-19 22:30:51
54,Lavrentiya,65.5833,-171.0,54.19,52,10,7.52,RU,2022-06-19 22:30:51
55,Krasnovishersk,60.4078,57.082,50.34,96,50,2.82,RU,2022-06-19 22:30:51
56,Mataura,-46.1927,168.8643,41.49,92,95,1.1,NZ,2022-06-19 22:30:52
57,Carnarvon,-24.8667,113.6333,63.7,77,0,12.91,AU,2022-06-19 22:30:52
58,Praia,14.9215,-23.5087,75.74,88,98,6.91,CV,2022-06-19 22:29:12
59,Ellensburg,46.9965,-120.5479,75.24,43,40,24.16,US,2022-06-19 22:28:18
60,Lucapa,-8.4192,20.7447,64.74,34,96,2.15,AO,2022-06-19 22:30:53
61,Komsomolskiy,40.4272,71.7189,77.72,27,97,0.0,UZ,2022-06-19 22:30:53
62,Zlobin,45.2924,14.6541,61.9,59,0,3.44,HR,2022-06-19 22:30:54
63,Tezu,27.9167,96.1667,72.01,99,100,4.03,IN,2022-06-19 22:30:54
64,Rikitea,-23.1203,-134.9692,73.09,63,73,21.45,PF,2022-06-19 22:30:54
65,Milledgeville,33.0801,-83.2321,93.34,24,0,4.61,US,2022-06-19 22:30:55
66,Ponta Do Sol,32.6667,-17.1,69.01,72,67,9.89,PT,2022-06-19 22:30:55
67,Madimba,-10.4,40.3333,68.88,85,3,8.39,TZ,2022-06-19 22:30:55
68,Avarua,-21.2078,-159.775,80.65,65,40,16.11,CK,2022-06-19 22:30:56
69,Camacha,33.0833,-16.3333,63.82,77,40,19.57,PT,2022-06-19 22:30:56
70,Aksarka,66.5606,67.7975,59.45,93,96,5.1,RU,2022-06-19 22:30:57
71,Pahrump,36.2083,-115.9839,85.24,10,0,5.99,US,2022-06-19 22:30:57
72,Manitouwadge,49.1215,-85.8403,56.3,65,100,11.01,CA,2022-06-19 22:30:57
73,Ayni,39.3941,68.5377,58.77,80,100,4.29,TJ,2022-06-19 22:30:58
74,Dingle,10.9995,122.6711,79.39,83,100,2.01,PH,2022-06-19 22:30:58
75,Baindur,13.8667,74.6333,78.8,84,100,2.89,IN,2022-06-19 22:30:58
76,Jamestown,42.097,-79.2353,66.52,34,0,10.36,US,2022-06-19 22:27:48
77,Dzilam Gonzalez,21.2833,-88.9333,84.34,65,99,11.68,MX,2022-06-19 22:30:59
78,Bambous Virieux,-20.3428,57.7575,71.85,73,40,8.05,MU,2022-06-19 22:30:59
79,Coxim,-18.5067,-54.76,75.31,71,30,3.13,BR,2022-06-19 22:31:00
80,Bluff,-46.6,168.3333,41.81,80,96,2.73,NZ,2022-06-19 22:31:00
81,Ribeira Grande,38.5167,-28.7,63.77,75,24,23.96,PT,2022-06-19 22:31:00
82,Yellowknife,62.456,-114.3525,72.12,23,20,12.66,CA,2022-06-19 22:30:13
83,Uribia,11.7139,-72.266,85.5,52,8,21.16,CO,2022-06-19 22:31:01
84,Kavieng,-2.5744,150.7967,81.59,77,22,6.67,PG,2022-06-19 22:31:02
85,Norman Wells,65.282,-126.8329,77.04,36,75,12.66,CA,2022-06-19 22:31:02
86,Bonthe,7.5264,-12.505,77.9,74,38,5.48,SL,2022-06-19 22:31:02
87,Victoria,22.2855,114.1577,84.38,86,99,15.99,HK,2022-06-19 22:30:26
88,Laerdalsoyri,61.098,7.4816,48.94,68,79,2.21,NO,2022-06-19 22:31:03
89,Aksu,41.1231,80.2644,64.54,43,79,5.14,CN,2022-06-19 22:31:03
90,Ust-Ilimsk,58.0006,102.6619,58.33,93,100,2.28,RU,2022-06-19 22:31:04
91,Hilo,19.7297,-155.09,85.28,63,75,10.36,US,2022-06-19 22:31:04
92,Gat,31.61,34.7642,74.8,100,0,2.1,IL,2022-06-19 22:31:05
93,Havre,49.5833,0.3333,61.2,82,75,18.41,FR,2022-06-19 22:27:49
94,New Norfolk,-42.7826,147.0587,51.93,84,100,1.01,AU,2022-06-19 22:32:05
95,Kilindoni,-7.9139,39.6668,77.76,70,40,16.42,TZ,2022-06-19 22:32:06
96,Bethel,41.3712,-73.414,71.96,38,40,14.97,US,2022-06-19 22:32:06
97,Cabo San Lucas,22.8909,-109.9124,90.61,69,0,14.97,MX,2022-06-19 22:28:33
98,Necochea,-38.5473,-58.7368,46.22,66,81,6.85,AR,2022-06-19 22:32:06
99,Gorgan,36.8387,54.4348,69.76,83,0,0.0,IR,2022-06-19 22:32:07
100,Codrington,-38.2667,141.9667,54.27,64,68,21.97,AU,2022-06-19 22:32:07
101,Iqaluit,63.7506,-68.5145,56.93,38,75,16.11,CA,2022-06-19 22:32:08
102,Rawson,-43.3002,-65.1023,41.22,61,1,8.19,AR,2022-06-19 22:32:08
103,Puerto Ayora,-0.7393,-90.3518,75.16,95,79,5.01,EC,2022-06-19 22:32:08
104,Clyde River,70.4692,-68.5914,37.63,81,20,23.02,CA,2022-06-19 22:32:09
105,Port Hardy,50.6996,-127.4199,57.38,72,40,10.36,CA,2022-06-19 22:30:24
106,La Tuque,47.4334,-72.7824,70.05,26,0,13.8,CA,2022-06-19 22:27:41
107,Butaritari,3.0707,172.7902,81.81,77,83,14.63,KI,2022-06-19 22:32:09
108,Nikolskoye,59.7035,30.7861,54.81,75,24,7.52,RU,2022-06-19 22:32:10
109,Whitecourt,54.1502,-115.6855,65.44,55,75,18.41,CA,2022-06-19 22:32:10
110,Bosaso,11.2842,49.1816,93.38,36,98,17.54,SO,2022-06-19 22:32:11
111,Kargasok,59.0556,80.8572,60.22,89,35,0.29,RU,2022-06-19 22:32:07
112,Geraldton,-28.7667,114.6,52.21,93,50,9.22,AU,2022-06-19 22:31:23
113,Mogadishu,2.0371,45.3438,78.71,78,15,16.82,SO,2022-06-19 22:28:37
114,Dikson,73.5069,80.5464,37.44,84,100,13.98,RU,2022-06-19 22:32:11
115,Curup,-3.4667,102.5333,67.46,97,100,1.07,ID,2022-06-19 22:32:12
116,Castro,-24.7911,-50.0119,51.06,93,49,5.66,BR,2022-06-19 22:32:12
117,Prince Rupert,54.3161,-130.3201,57.29,78,75,11.5,CA,2022-06-19 22:30:10
118,Lagoa,39.05,-27.9833,62.98,73,100,22.03,PT,2022-06-19 22:32:13
119,Kodiak,57.79,-152.4072,51.31,87,100,11.5,US,2022-06-19 22:32:13
120,Floro,61.5996,5.0328,55.36,62,0,4.61,NO,2022-06-19 22:32:14
121,Ribas Do Rio Pardo,-20.4431,-53.7592,66.33,80,2,5.55,BR,2022-06-19 22:32:14
122,Ozernovskiy,51.5,156.5167,47.34,91,97,8.68,RU,2022-06-19 22:32:15
123,Broken Hill,-31.95,141.4333,53.53,57,66,10.29,AU,2022-06-19 22:32:15
124,Mackay,-21.15,149.2,65.68,88,99,12.03,AU,2022-06-19 22:28:57
125,Huarmey,-10.0681,-78.1522,65.01,79,3,12.53,PE,2022-06-19 22:32:16
126,Asau,46.4333,26.4,59.92,71,0,4.27,RO,2022-06-19 22:32:16
127,Astana,51.1801,71.446,57.15,82,0,4.47,KZ,2022-06-19 22:32:17
128,Lata,40.1629,-8.3327,54.82,89,68,4.32,PT,2022-06-19 22:32:17
129,Rio Gallegos,-51.6226,-69.2181,35.65,80,0,17.27,AR,2022-06-19 22:27:53
130,Gallup,35.5281,-108.7426,82.24,30,40,21.85,US,2022-06-19 22:32:18
131,Buchanan,5.8808,-10.0467,77.49,74,8,5.61,LR,2022-06-19 22:32:18
132,Varkaus,62.3153,27.873,50.31,97,100,10.0,FI,2022-06-19 22:32:19
133,Kaniama,-7.5667,24.1833,73.09,44,69,1.95,CD,2022-06-19 22:32:19
134,Leningradskiy,69.3833,178.4167,52.86,62,55,4.12,RU,2022-06-19 22:32:19
135,Tiksi,71.6872,128.8694,34.7,76,100,17.54,RU,2022-06-19 22:32:20
136,Cam Ranh,11.9214,109.1591,76.96,83,20,0.0,VN,2022-06-19 22:32:20
137,Atuona,-9.8,-139.0333,77.7,77,30,14.61,PF,2022-06-19 22:32:21
138,Khatanga,71.9667,102.5,48.27,50,54,6.55,RU,2022-06-19 22:32:21
139,Mesker-Yurt,43.2515,45.9072,64.71,64,0,3.22,RU,2022-06-19 22:32:21
140,Janakkala,60.9,24.6,48.6,94,96,4.63,FI,2022-06-19 22:33:22
141,Adrar,20.5022,-10.0711,88.14,39,83,5.75,MR,2022-06-19 22:33:22
142,Dong Hoi,17.4833,106.6,83.55,68,92,6.82,VN,2022-06-19 22:33:22
143,San Cristobal,7.7669,-72.225,69.98,88,93,3.6,VE,2022-06-19 22:33:23
144,Aldan,58.6031,125.3894,69.48,47,1,6.53,RU,2022-06-19 22:33:23
145,Xinzhou,38.4092,112.7333,74.34,60,59,1.61,CN,2022-06-19 22:33:24
146,Santa Maria,-29.6842,-53.8069,47.5,93,0,2.3,BR,2022-06-19 22:33:24
147,Faanui,-16.4833,-151.75,79.39,75,28,20.69,PF,2022-06-19 22:33:24
148,Longyearbyen,78.2186,15.6401,40.84,65,75,17.27,SJ,2022-06-19 22:33:25
149,Swan Hill,-35.3378,143.5544,50.49,83,77,9.08,AU,2022-06-19 22:33:25
150,Hobart,-42.8794,147.3294,52.27,84,75,4.61,AU,2022-06-19 22:33:00
151,Waipawa,-41.4122,175.5153,43.66,69,99,17.47,NZ,2022-06-19 22:33:26
152,Nelson Bay,-32.7167,152.15,57.99,97,100,8.12,AU,2022-06-19 22:33:26
153,Kirakira,-10.4544,161.9205,83.16,71,36,4.23,SB,2022-06-19 22:33:27
154,Yabelo,4.8833,38.0833,59.07,72,86,5.03,ET,2022-06-19 22:33:27
155,Birin,26.8865,88.0718,61.21,97,97,2.84,NP,2022-06-19 22:33:27
156,Aklavik,68.2191,-135.0107,56.77,42,53,18.68,CA,2022-06-19 22:33:28
157,Georgetown,5.4112,100.3354,78.73,97,20,3.44,MY,2022-06-19 22:30:24
158,Yulara,-25.2406,130.9889,58.71,36,0,5.41,AU,2022-06-19 22:33:28
159,Constitucion,-35.3333,-72.4167,52.36,69,100,3.74,CL,2022-06-19 22:33:28
160,Cidreira,-30.1811,-50.2056,54.41,80,1,4.09,BR,2022-06-19 22:33:29
161,Miri,4.4148,114.0089,77.14,94,40,3.44,MY,2022-06-19 22:33:29
162,Pisco,-13.7,-76.2167,62.02,88,2,6.91,PE,2022-06-19 22:33:30
163,Bathsheba,13.2167,-59.5167,83.01,69,40,19.57,BB,2022-06-19 22:33:30
164,Mayumba,-3.432,10.6554,70.9,91,97,7.78,GA,2022-06-19 22:33:30
165,Havoysund,70.9963,24.6622,43.03,85,24,7.7,NO,2022-06-19 22:33:31
166,Salacgriva,57.7536,24.3581,51.44,86,75,8.9,LV,2022-06-19 22:33:31
167,Clarksburg,39.2807,-80.3445,75.65,34,0,8.05,US,2022-06-19 22:29:00
168,Vanimo,-2.6741,141.3028,80.73,76,31,3.8,PG,2022-06-19 22:33:32
169,New Port Richey,28.2442,-82.7193,83.98,63,9,8.97,US,2022-06-19 22:33:32
170,Grindavik,63.8424,-22.4338,48.67,100,100,18.41,IS,2022-06-19 22:29:08
171,Nailsea,51.4324,-2.7585,58.12,84,100,11.5,GB,2022-06-19 22:33:32
172,Bayji,34.9311,43.487,95.65,14,0,16.37,IQ,2022-06-19 22:33:33
173,Tilichiki,60.4667,166.1,44.74,94,100,1.88,RU,2022-06-19 22:33:33
174,Katsuura,35.1333,140.3,73.58,91,100,17.2,JP,2022-06-19 22:33:34
175,Seoul,37.5683,126.9778,73.0,86,75,2.3,KR,2022-06-19 22:28:39
176,Kysyl-Syr,63.8986,122.7617,51.82,55,83,13.04,RU,2022-06-19 22:33:34
177,Luderitz,-26.6481,15.1594,55.45,73,0,4.09,NA,2022-06-19 22:33:34
178,Badarpur,24.9,92.6,74.37,98,100,2.15,IN,2022-06-19 22:33:35
179,Tabas,33.5959,56.9244,91.62,19,0,6.91,IR,2022-06-19 22:33:35
180,Boende,-0.2167,20.8667,70.12,97,99,1.39,CD,2022-06-19 22:33:36
181,Poum,-20.2333,164.0167,74.35,59,4,21.3,NC,2022-06-19 22:33:36
182,Kudahuvadhoo,2.6708,72.8944,83.35,68,26,10.45,MV,2022-06-19 22:33:36
183,Mirnyy,62.5353,113.9611,50.23,66,100,8.99,RU,2022-06-19 22:33:37
184,Chicama,-7.8447,-79.1469,61.34,76,31,9.24,PE,2022-06-19 22:33:37
185,Chalmette,29.9427,-89.9634,97.0,51,40,6.91,US,2022-06-19 22:33:37
186,Conceicao Do Araguaia,-8.2578,-49.2647,77.63,48,60,0.38,BR,2022-06-19 22:33:38
187,Bellevue,47.6104,-122.2007,69.04,62,75,8.05,US,2022-06-19 22:33:38
188,Vangaindrano,-23.35,47.6,64.89,88,99,1.52,MG,2022-06-19 22:34:39
189,Daule,-1.865,-79.9792,86.0,65,20,4.88,EC,2022-06-19 22:34:39
190,Altamont,42.2068,-121.7372,65.77,38,40,18.41,US,2022-06-19 22:34:39
191,Vardo,70.3705,31.1107,42.78,93,100,5.75,NO,2022-06-19 22:34:40
192,Chatellerault,46.8,0.5333,72.32,97,63,7.45,FR,2022-06-19 22:34:40
193,Hervey Bay,-25.2986,152.8535,60.03,93,89,15.01,AU,2022-06-19 22:34:40
194,Hamilton,39.1834,-84.5333,79.93,32,20,3.44,US,2022-06-19 22:34:41
195,Mandalgovi,45.7625,106.2708,53.92,59,2,13.56,MN,2022-06-19 22:34:41
196,Airai,-8.9266,125.4092,58.06,72,85,3.02,TL,2022-06-19 22:34:42
197,Laichingen,48.4894,9.6861,72.52,80,24,5.39,DE,2022-06-19 22:34:42
198,Pevek,69.7008,170.3133,44.15,72,83,9.66,RU,2022-06-19 22:34:42
199,Tiznit,29.5833,-9.5,71.94,61,1,2.51,MA,2022-06-19 22:34:43
200,Narsaq,60.9167,-46.05,48.42,97,100,1.23,GL,2022-06-19 22:34:43
201,Namibe,-15.1961,12.1522,60.26,86,9,8.23,AO,2022-06-19 22:34:44
202,Camana,-16.6228,-72.7111,61.47,81,3,5.26,PE,2022-06-19 22:34:44
203,Shuangcheng,45.35,126.2833,69.48,71,79,12.12,CN,2022-06-19 22:34:44
204,Qaanaaq,77.484,-69.3632,36.93,81,34,1.68,GL,2022-06-19 22:34:45
205,Sitka,57.0531,-135.33,53.49,82,100,3.44,US,2022-06-19 22:34:45
206,San Patricio,28.017,-97.5169,93.29,44,32,15.95,US,2022-06-19 22:34:46
207,Comodoro Rivadavia,-45.8667,-67.5,37.26,65,0,4.61,AR,2022-06-19 22:34:46
208,Makakilo City,21.3469,-158.0858,82.72,54,75,13.8,US,2022-06-19 22:34:46
209,Plettenberg Bay,-34.0527,23.3716,52.27,73,57,4.12,ZA,2022-06-19 22:34:47
210,Carutapera,-1.195,-46.02,74.98,94,54,7.31,BR,2022-06-19 22:34:47
211,Palmer,42.1584,-72.3287,71.2,38,40,13.8,US,2022-06-19 22:34:42
212,Alyangula,-13.8483,136.4192,75.94,81,96,12.55,AU,2022-06-19 22:34:47
213,Kosum Phisai,16.2486,103.0674,80.1,80,88,6.53,TH,2022-06-19 22:34:48
214,General Bravo,25.8,-99.1667,98.01,28,23,27.38,MX,2022-06-19 22:34:48
215,Dese,11.1333,39.6333,58.17,70,98,2.57,ET,2022-06-19 22:34:49
216,Staryy Nadym,65.6118,72.6842,63.48,62,82,9.89,RU,2022-06-19 22:34:49
217,Walvis Bay,-22.9575,14.5053,56.08,87,0,5.75,NA,2022-06-19 22:34:49
218,Grand Gaube,-20.0064,57.6608,72.0,72,0,3.0,MU,2022-06-19 22:34:50
219,Tromso,69.6496,18.957,48.22,81,75,4.61,NO,2022-06-19 22:34:50
220,Saint George,37.1041,-113.5841,85.62,7,0,18.41,US,2022-06-19 22:34:51
221,Severo-Kurilsk,50.6789,156.125,47.86,94,100,1.25,RU,2022-06-19 22:34:51
222,Huainan,32.6264,116.9969,81.73,66,0,5.86,CN,2022-06-19 22:34:52
223,Gore,-46.1028,168.9436,44.64,91,96,1.03,NZ,2022-06-19 22:34:52
224,Kumbo,6.2,10.6667,57.97,88,69,1.14,CM,2022-06-19 22:34:53
225,Kenora,49.8167,-94.4337,90.57,55,40,12.66,CA,2022-06-19 22:30:02
226,Biak,-0.9131,122.8766,75.0,87,100,4.9,ID,2022-06-19 22:34:53
227,Aksha,50.2814,113.2867,57.24,89,100,6.6,RU,2022-06-19 22:34:54
228,Coquimbo,-29.9533,-71.3436,55.13,76,20,8.05,CL,2022-06-19 22:34:54
229,Kruisfontein,-34.0033,24.7314,44.89,84,38,6.22,ZA,2022-06-19 22:34:55
230,Lincoln,40.8,-96.667,95.07,48,0,19.57,US,2022-06-19 22:34:55
231,Keuruu,62.2667,24.7,51.8,94,100,6.78,FI,2022-06-19 22:34:56
232,Coihaique,-45.5752,-72.0662,36.21,93,7,5.66,CL,2022-06-19 22:30:07
233,Krasnoselkup,65.7,82.4667,59.02,48,8,6.08,RU,2022-06-19 22:34:56
234,Naze,28.3667,129.4833,76.12,88,97,9.4,JP,2022-06-19 22:34:57
235,Lidkoping,58.5052,13.1577,53.62,82,0,6.46,SE,2022-06-19 22:35:57
236,Champerico,14.3,-91.9167,88.34,80,58,14.05,GT,2022-06-19 22:35:57
237,Najran,17.4924,44.1277,83.05,33,100,6.78,SA,2022-06-19 22:35:58
238,Labuhan,-6.8844,112.2051,76.03,89,76,5.66,ID,2022-06-19 22:35:58
239,Statesboro,32.4488,-81.7832,89.38,19,0,3.44,US,2022-06-19 22:33:54
240,Cap Malheureux,-19.9842,57.6142,67.46,72,0,3.0,MU,2022-06-19 22:31:07
241,Arraial Do Cabo,-22.9661,-42.0278,68.61,72,58,8.16,BR,2022-06-19 22:35:59
242,Christchurch,-43.5333,172.6333,47.91,85,75,5.75,NZ,2022-06-19 22:32:38
243,Kalmunai,7.4167,81.8167,79.47,83,94,3.65,LK,2022-06-19 22:35:59
244,Klaksvik,62.2266,-6.589,50.92,89,92,14.05,FO,2022-06-19 22:36:00
245,Centralia,46.7162,-122.9543,67.35,70,100,5.75,US,2022-06-19 22:36:00
246,Byron Bay,-28.65,153.6167,58.71,86,97,11.88,AU,2022-06-19 22:36:01
247,Oudtshoorn,-33.5907,22.2014,44.96,89,58,2.42,ZA,2022-06-19 22:36:01
248,Wahiawa,21.5028,-158.0236,80.92,58,75,11.5,US,2022-06-19 22:35:02
249,Kaitangata,-46.2817,169.8464,45.39,88,100,2.82,NZ,2022-06-19 22:36:02
250,Chuguyevka,44.1653,133.8633,66.76,69,47,3.15,RU,2022-06-19 22:36:02
251,Rundu,-17.9333,19.7667,56.07,46,6,7.07,NA,2022-06-19 22:36:02
252,Cayenne,4.9333,-52.3333,81.09,1,0,0.0,GF,2022-06-19 22:36:03
253,Richards Bay,-28.783,32.0377,65.32,78,91,6.24,ZA,2022-06-19 22:36:03
254,Taoudenni,22.6783,-3.9836,91.81,34,67,12.35,ML,2022-06-19 22:36:04
255,Road Town,18.4167,-64.6167,84.29,70,20,9.22,VG,2022-06-19 22:36:04
256,Ibra,22.6906,58.5334,80.28,73,5,2.77,OM,2022-06-19 22:36:04
257,Colorado Springs,38.8339,-104.8214,82.78,32,75,18.41,US,2022-06-19 22:35:59
258,Qaqortoq,60.7167,-46.0333,40.93,97,100,7.36,GL,2022-06-19 22:36:05
259,Eston,51.1501,-108.7514,60.93,82,100,3.87,CA,2022-06-19 22:36:05
260,Sakakah,29.9697,40.2064,94.57,16,0,10.42,SA,2022-06-19 22:36:06
261,Coahuayana,18.7333,-103.6833,88.14,57,37,7.76,MX,2022-06-19 22:36:06
262,Port Lincoln,-34.7333,135.8667,57.87,73,98,16.17,AU,2022-06-19 22:36:06
263,Dakar,14.6937,-17.4441,82.53,74,40,18.41,SN,2022-06-19 22:36:07
264,Pangnirtung,66.1451,-65.7125,41.43,71,100,1.99,CA,2022-06-19 22:36:07
265,Rohnert Park,38.3396,-122.7011,86.97,33,0,16.11,US,2022-06-19 22:36:07
266,Isangel,-19.55,169.2667,75.58,78,33,13.53,VU,2022-06-19 22:36:08
267,Beyneu,45.3167,55.2,75.88,49,27,12.08,KZ,2022-06-19 22:36:08
268,Saint-Augustin,51.226,-58.6502,46.36,96,100,15.03,CA,2022-06-19 22:36:09
269,Lakselv,70.0513,24.9718,44.28,91,82,5.46,NO,2022-06-19 22:36:09
270,Excelsior Springs,39.3392,-94.2261,92.1,59,0,11.5,US,2022-06-19 22:36:10
271,Colquechaca,-18.6667,-66.0167,29.86,16,0,3.47,BO,2022-06-19 22:36:10
272,Bhindar,24.5,74.1833,80.17,71,10,10.78,IN,2022-06-19 22:36:10
273,Malakal,9.5334,31.6605,75.27,80,100,5.57,SS,2022-06-19 22:36:11
274,Srednekolymsk,67.45,153.6833,63.81,44,100,10.02,RU,2022-06-19 22:36:11
275,Afantou,36.2935,28.1623,73.11,73,20,10.36,GR,2022-06-19 22:36:12
276,Londa,15.4691,74.5191,69.39,96,100,5.32,IN,2022-06-19 22:36:12
277,Tolaga Bay,-38.3667,178.3,51.94,69,100,23.8,NZ,2022-06-19 22:36:12
278,Talcahuano,-36.7167,-73.1167,51.48,100,100,5.75,CL,2022-06-19 22:36:13
279,Bardiyah,31.7561,25.0865,72.66,73,0,3.0,LY,2022-06-19 22:36:13
280,San Jose,37.3394,-121.895,88.52,24,20,14.97,US,2022-06-19 22:33:01
281,Pamekasan,-7.1568,113.4746,78.49,84,100,3.89,ID,2022-06-19 22:36:14
282,Warri,5.5167,5.75,73.47,94,92,3.94,NG,2022-06-19 22:37:14
283,Muros,42.7762,-9.0603,58.08,87,95,6.11,ES,2022-06-19 22:37:15
284,Olafsvik,64.8945,-23.7142,48.22,96,100,13.29,IS,2022-06-19 22:37:15
285,Souillac,-20.5167,57.5167,71.98,73,40,8.05,MU,2022-06-19 22:37:15
286,Nizwa,22.9333,57.5333,82.9,61,5,1.59,OM,2022-06-19 22:37:16
287,Machiques,10.0644,-72.545,79.86,83,100,4.45,VE,2022-06-19 22:37:16
288,Mariental,-24.6333,17.9667,50.63,57,9,5.55,NA,2022-06-19 22:37:16
289,Alta Floresta,-9.8756,-56.0861,78.1,41,45,3.98,BR,2022-06-19 22:37:17
290,Zambezi,-13.5432,23.1047,55.78,54,5,2.66,ZM,2022-06-19 22:37:17
291,Yekaterinovka,52.0508,44.3451,61.48,81,92,15.3,RU,2022-06-19 22:37:17
292,Zhuhai,22.2769,113.5678,83.98,94,20,10.36,CN,2022-06-19 22:33:06
293,Ribeira Brava,32.65,-17.0667,69.01,73,70,9.84,PT,2022-06-19 22:37:18
294,Valentin Gomez Farias,28.2167,-106.5833,82.63,27,90,13.85,MX,2022-06-19 22:37:18
295,Raga,8.4596,25.678,69.89,92,100,6.26,SS,2022-06-19 22:37:19
296,Elizabeth City,36.2946,-76.2511,80.02,28,0,14.97,US,2022-06-19 22:37:19
297,Kualakapuas,-3.0091,114.3876,72.9,96,69,2.39,ID,2022-06-19 22:37:20
298,Ixtapa,20.7,-105.2,85.23,70,75,13.8,MX,2022-06-19 22:37:20
299,Trincomalee,8.5711,81.2335,80.31,79,100,16.73,LK,2022-06-19 22:37:21
300,Esso,55.9333,158.7,52.29,73,100,3.06,RU,2022-06-19 22:37:21
301,Vinci,43.7789,10.9224,75.67,69,0,1.1,IT,2022-06-19 22:37:21
302,Maragogi,-9.0122,-35.2225,75.34,86,21,6.51,BR,2022-06-19 22:37:22
303,Port Macquarie,-31.4333,152.9167,56.89,76,100,7.9,AU,2022-06-19 22:37:22
304,Lorengau,-2.0226,147.2712,82.8,68,14,3.65,PG,2022-06-19 22:37:22
305,Pittsburg,38.028,-121.8847,88.12,24,0,10.36,US,2022-06-19 22:33:47
306,Denpasar,-8.65,115.2167,80.26,89,40,13.8,ID,2022-06-19 22:33:09
307,Ancud,-41.8697,-73.8203,41.23,90,88,7.83,CL,2022-06-19 22:37:23
308,Salalah,17.0151,54.0924,86.09,84,75,5.75,OM,2022-06-19 22:37:23
309,Abha,18.2164,42.5053,71.85,23,0,0.0,SA,2022-06-19 22:37:24
310,Santa Rosa,14.3122,121.1114,81.01,84,19,4.27,PH,2022-06-19 22:37:24
311,Gander,48.9682,-54.5906,68.16,68,75,24.0,CA,2022-06-19 22:34:03
312,Upernavik,72.7868,-56.1549,34.57,87,24,13.11,GL,2022-06-19 22:37:25
313,Colares,38.7992,-9.4469,64.76,62,59,25.99,PT,2022-06-19 22:37:25
314,Bengkulu,-3.8004,102.2655,74.16,91,100,4.52,ID,2022-06-19 22:37:26
315,Wilmington,34.2257,-77.9447,83.91,27,0,13.8,US,2022-06-19 22:35:30
316,Vitim,59.4511,112.5578,58.15,97,100,4.03,RU,2022-06-19 22:37:26
317,Omsukchan,62.5333,155.8,55.69,57,22,7.02,RU,2022-06-19 22:33:12
318,Ishim,56.1128,69.4902,61.18,91,98,6.08,RU,2022-06-19 22:37:27
319,Muisne,0.6,-80.0333,75.38,85,92,7.29,EC,2022-06-19 22:37:28
320,Hvide Sande,56.0045,8.1294,54.09,79,19,7.14,DK,2022-06-19 22:37:28
321,Buin,-33.7333,-70.75,58.73,43,100,1.83,CL,2022-06-19 22:37:29
322,Fandriana,-20.2333,47.3833,53.04,98,98,2.95,MG,2022-06-19 22:37:29
323,Gunnedah,-30.9833,150.25,54.57,73,87,6.82,AU,2022-06-19 22:37:30
324,Langen,49.9933,8.6728,73.02,64,0,10.36,DE,2022-06-19 22:37:30
325,Balkanabat,39.5108,54.3671,80.92,27,0,2.53,TM,2022-06-19 22:37:30
326,Lasa,46.6166,10.7002,70.68,94,8,2.51,IT,2022-06-19 22:38:31
327,Portland,45.5234,-122.6762,67.55,66,100,5.01,US,2022-06-19 22:35:52
328,Barcelos,41.5388,-8.6151,60.91,86,52,7.25,PT,2022-06-19 22:38:32
329,Laguna,38.421,-121.4238,87.15,24,0,12.66,US,2022-06-19 22:38:32
330,Deyang,31.1302,104.382,75.76,81,91,2.86,CN,2022-06-19 22:38:32
331,Lamin,13.3522,-16.4339,75.31,79,100,11.52,GM,2022-06-19 22:38:33
332,Ailigandi,9.2333,-78.0167,80.42,81,95,6.15,PA,2022-06-19 22:38:33
333,Hirara,24.8,125.2833,82.67,89,75,11.5,JP,2022-06-19 22:38:34
334,Sorong,-0.8833,131.25,78.51,80,100,3.38,ID,2022-06-19 22:38:34
335,Dunedin,-45.8742,170.5036,44.8,89,100,4.0,NZ,2022-06-19 22:37:22
336,Mayor Pablo Lagerenza,-19.9309,-60.7718,77.58,50,60,2.98,PY,2022-06-19 22:38:35
337,La Ronge,55.1001,-105.2842,68.25,68,100,6.91,CA,2022-06-19 22:38:35
338,Trinidad,-14.8333,-64.9,78.78,69,1,3.44,BO,2022-06-19 22:38:35
339,Rabo De Peixe,37.8,-25.5833,64.27,78,40,12.66,PT,2022-06-19 22:38:36
340,Pochutla,15.7432,-96.4661,84.02,89,100,2.57,MX,2022-06-19 22:38:36
341,Ballaghaderreen,53.9,-8.5833,51.82,95,3,6.82,IE,2022-06-19 22:38:36
342,Kamaishi,39.2667,141.8833,70.11,77,96,8.9,JP,2022-06-19 22:38:37
343,Canavieiras,-15.675,-38.9472,69.39,84,57,5.93,BR,2022-06-19 22:36:18
344,Lakes Entrance,-37.8811,147.981,51.1,64,100,4.59,AU,2022-06-19 22:38:37
345,Ouango,4.3133,22.5552,65.59,98,76,1.83,CF,2022-06-19 22:38:38
346,Grafton,42.207,-71.6856,60.31,61,100,4.61,US,2022-06-19 22:38:38
347,Yining,29.0361,114.5636,74.07,99,100,2.24,CN,2022-06-19 22:38:39
348,San Fernando,15.0286,120.6898,82.13,81,27,1.43,PH,2022-06-19 22:38:39
349,Nagua,19.3832,-69.8474,84.25,79,20,13.8,DO,2022-06-19 22:38:40
350,Shawville,45.6001,-76.4827,68.86,58,3,7.18,CA,2022-06-19 22:38:40
351,Grand-Santi,4.25,-54.3833,72.97,98,100,2.66,GF,2022-06-19 22:38:40
352,Rock Falls,41.7798,-89.689,84.18,34,0,4.61,US,2022-06-19 22:38:41
353,Vaitape,-16.5167,-151.75,79.39,75,28,20.74,PF,2022-06-19 22:38:41
354,Honiara,-9.4333,159.95,83.01,73,72,3.36,SB,2022-06-19 22:38:42
355,San Quintin,30.4833,-115.95,69.62,60,0,17.11,MX,2022-06-19 22:38:42
356,Vila Franca Do Campo,37.7167,-25.4333,65.19,78,49,14.2,PT,2022-06-19 22:38:42
357,Yar-Sale,66.8333,70.8333,60.35,88,100,7.34,RU,2022-06-19 22:38:43
358,Sohag,26.557,31.6948,84.49,21,0,12.71,EG,2022-06-19 22:38:43
359,Ilulissat,69.2167,-51.1,42.82,70,0,5.75,GL,2022-06-19 22:38:44
360,Lagos,6.5833,3.75,77.32,92,74,3.42,NG,2022-06-19 22:36:30
361,Lexington,37.9887,-84.4777,80.6,29,0,8.05,US,2022-06-19 22:35:14
362,Kuvshinovo,57.0295,34.1725,50.36,95,100,8.01,RU,2022-06-19 22:38:44
363,Torata,-17.0769,-70.8433,55.87,31,0,1.3,PE,2022-06-19 22:38:45
364,Alofi,-19.0595,-169.9187,80.49,78,74,8.05,NU,2022-06-19 22:38:45
365,Mabaruma,8.2,-59.7833,75.36,86,53,5.59,GY,2022-06-19 22:38:46
366,Baglung,28.2719,83.5898,70.56,81,96,2.21,NP,2022-06-19 22:38:46
367,Valday,57.9747,33.2525,49.39,94,89,8.28,RU,2022-06-19 22:39:46
368,Moa,20.6569,-74.9403,81.23,79,100,8.55,CU,2022-06-19 22:39:47
369,Kragero,58.8693,9.4149,51.58,83,80,2.1,NO,2022-06-19 22:39:47
370,Arsikere,13.3139,76.2561,70.61,87,100,4.21,IN,2022-06-19 22:39:48
371,Maarianhamina,60.0973,19.9348,55.26,82,75,8.05,AX,2022-06-19 22:39:48
372,Shaturtorf,55.5672,39.4169,60.51,59,99,11.16,RU,2022-06-19 22:39:48
373,Mamallapuram,12.6264,80.1722,77.05,74,88,13.13,IN,2022-06-19 22:39:49
374,San Lawrenz,36.0553,14.204,72.86,82,0,4.81,MT,2022-06-19 22:39:49
375,Tucuman,-26.8241,-65.2226,51.8,62,4,3.44,AR,2022-06-19 22:39:49
376,Mahajanga,-15.7167,46.3167,71.62,94,20,2.3,MG,2022-06-19 22:39:50
377,Banda Aceh,5.5577,95.3222,78.06,82,61,5.19,ID,2022-06-19 22:39:50
378,Yeppoon,-23.1333,150.7333,62.38,77,98,12.93,AU,2022-06-19 22:39:50
379,Sambava,-14.2667,50.1667,72.12,87,79,14.7,MG,2022-06-19 22:39:51
380,Sidi Ali,36.0998,0.4206,75.02,50,92,6.67,DZ,2022-06-19 22:39:51
381,Tutoia,-2.7619,-42.2744,79.27,86,43,9.53,BR,2022-06-19 22:39:51
382,Meulaboh,4.1363,96.1285,75.78,88,95,3.76,ID,2022-06-19 22:39:52
383,Pouembout,-21.1333,164.9,72.59,61,4,9.15,NC,2022-06-19 22:39:52
384,Vysokogornyy,50.1167,139.15,55.54,89,98,2.1,RU,2022-06-19 22:39:53
385,Lomovka,53.9194,58.3672,49.64,98,44,4.03,RU,2022-06-19 22:39:53
386,Kozhva,65.1073,57.0459,54.77,70,100,3.51,RU,2022-06-19 22:39:53
387,Tazovskiy,67.4667,78.7,59.2,59,80,12.26,RU,2022-06-19 22:36:59
388,Deputatskiy,69.3,139.9,37.27,81,85,19.66,RU,2022-06-19 22:39:54
389,Tiarei,-17.5333,-149.3333,84.22,74,33,20.65,PF,2022-06-19 22:39:54
390,Killam,52.7834,-111.8518,69.75,56,100,9.22,CA,2022-06-19 22:39:55
391,Djambala,-2.5447,14.7533,73.96,58,100,4.68,CG,2022-06-19 22:39:55
392,Antofagasta,-23.65,-70.4,58.28,88,11,4.05,CL,2022-06-19 22:39:55
393,Mbandaka,0.0487,18.2603,69.44,91,96,2.13,CD,2022-06-19 22:39:56
394,Tokur,53.1333,132.9,54.3,78,93,1.9,RU,2022-06-19 22:39:56
395,Tomter,59.65,11.0,54.48,84,51,0.96,NO,2022-06-19 22:39:56
396,Tuatapere,-46.1333,167.6833,47.34,82,84,3.09,NZ,2022-06-19 22:39:57
397,Baculin,7.4525,126.5842,80.74,75,82,2.44,PH,2022-06-19 22:39:57
398,Paso De Los Toros,-32.8167,-56.5167,45.5,68,29,5.44,UY,2022-06-19 22:39:58
399,Turkistan,43.0,68.0,80.02,38,100,16.15,KZ,2022-06-19 22:39:58
400,Saint-Joseph,-21.3667,55.6167,64.78,78,45,13.11,RE,2022-06-19 22:39:58
401,Odienne,9.51,-7.5692,71.82,90,70,1.43,CI,2022-06-19 22:39:59
402,Cherskiy,68.75,161.3,61.07,46,100,16.37,RU,2022-06-19 22:39:59
403,Gorontalo,0.5412,123.0595,75.45,92,64,2.13,ID,2022-06-19 22:40:00
404,Dickinson,29.4608,-95.0513,101.12,43,20,11.5,US,2022-06-19 22:40:00
405,Sungairaya,0.7,108.9,75.88,91,50,4.36,ID,2022-06-19 22:40:01
406,Cheremisinovo,51.8855,37.2646,63.79,79,84,13.62,RU,2022-06-19 22:40:01
407,Isiro,2.7739,27.616,64.58,97,100,2.35,CD,2022-06-19 22:40:02
408,Zalantun,48.0,122.7167,69.93,59,100,2.37,CN,2022-06-19 22:40:02
409,Karla,59.3723,24.9275,55.36,85,0,8.05,EE,2022-06-19 22:40:03
410,Soyaux,45.65,0.2,69.78,68,75,4.61,FR,2022-06-19 22:40:04
411,Tambopata,-12.7333,-69.1833,76.89,78,0,0.0,PE,2022-06-19 22:40:04
412,Minot,48.2325,-101.2963,97.02,36,0,13.8,US,2022-06-19 22:39:06
413,Greenlaw,55.7068,-2.4624,49.6,80,22,2.53,GB,2022-06-19 22:40:05
414,Hofn,64.2539,-15.2082,50.94,96,64,17.78,IS,2022-06-19 22:40:05
415,Marsa Matruh,31.3525,27.2453,73.6,78,0,6.91,EG,2022-06-19 22:41:06
416,Kununurra,-15.7667,128.7333,55.38,82,97,0.0,AU,2022-06-19 22:36:13
417,Aswan,24.0934,32.907,90.7,15,0,11.5,EG,2022-06-19 22:41:06
418,Ha Noi,21.0245,105.8412,84.2,67,76,2.21,VN,2022-06-19 22:36:43
419,Villarrubia De Los Ojos,39.2209,-3.608,71.04,48,0,4.18,ES,2022-06-19 22:41:07
420,Sistranda,63.7256,8.834,49.96,88,6,3.56,NO,2022-06-19 22:41:07
421,Mantamados,39.3117,26.3339,69.85,75,0,6.11,GR,2022-06-19 22:41:08
422,Simpang,-1.2667,104.0833,73.92,98,100,2.8,ID,2022-06-19 22:41:08
423,Port-Gentil,-0.7193,8.7815,73.36,88,40,8.05,GA,2022-06-19 22:41:08
424,Puerto Escondido,15.85,-97.0667,83.23,57,100,6.91,MX,2022-06-19 22:37:24
425,Laguna De Perlas,12.3429,-83.6712,84.29,83,78,7.27,NI,2022-06-19 22:41:09
426,Hualmay,-11.0964,-77.6139,63.61,78,10,13.2,PE,2022-06-19 22:41:09
427,Manggar,-2.8833,108.2667,79.81,80,46,8.05,ID,2022-06-19 22:41:10
428,Moranbah,-22.0016,148.0466,60.87,76,89,14.09,AU,2022-06-19 22:41:10
429,Lanzhou,36.0564,103.7922,71.4,55,99,3.4,CN,2022-06-19 22:37:52
430,Paracuru,-3.41,-39.0306,81.1,81,19,10.29,BR,2022-06-19 22:41:11
431,Alamosa,37.4695,-105.87,57.18,77,100,16.11,US,2022-06-19 22:38:33
432,Alice Springs,-23.7,133.8833,42.35,87,96,0.0,AU,2022-06-19 22:41:11
433,Chapais,49.7834,-74.8492,64.18,33,1,9.26,CA,2022-06-19 22:41:11
434,Hangu,39.2489,117.7892,73.44,80,0,4.5,CN,2022-06-19 22:41:12
435,Torbay,47.6666,-52.7314,61.57,85,75,16.11,CA,2022-06-19 22:41:12
436,Nzerekore,7.7562,-8.8179,70.03,94,93,2.86,GN,2022-06-19 22:41:13
437,Prabumulih,-3.45,104.25,71.56,99,80,2.91,ID,2022-06-19 22:41:13
438,Benguela,-12.5763,13.4055,66.63,80,61,3.38,AO,2022-06-19 22:41:13
439,Taksimo,56.3444,114.8794,64.0,73,74,1.48,RU,2022-06-19 22:41:14
440,Altay,47.8667,88.1167,58.51,56,1,5.01,CN,2022-06-19 22:41:14
441,Talnakh,69.4865,88.3972,60.69,37,83,5.84,RU,2022-06-19 22:41:15
442,Kristianstad,56.0313,14.1524,49.95,95,81,2.3,SE,2022-06-19 22:41:15
443,Margate,51.3813,1.3862,57.87,80,81,11.01,GB,2022-06-19 22:36:18
444,Lompoc,34.6391,-120.4579,88.57,61,0,30.0,US,2022-06-19 22:41:15
445,Dungarpur,23.8333,73.7167,82.22,74,26,14.29,IN,2022-06-19 22:41:16
446,Saldanha,-33.0117,17.9442,48.25,73,66,12.86,ZA,2022-06-19 22:41:16
447,Pinega,64.7001,43.3936,49.82,83,95,2.62,RU,2022-06-19 22:41:17
448,Sao Joao Da Barra,-21.6403,-41.0511,70.48,71,99,7.9,BR,2022-06-19 22:37:57
449,Inverell,-29.7833,151.1167,51.67,83,88,4.0,AU,2022-06-19 22:41:18
450,Togur,58.3631,82.8265,58.5,87,69,1.52,RU,2022-06-19 22:41:18
451,Shache,38.4167,77.2406,64.51,58,74,5.32,CN,2022-06-19 22:41:18
452,Thinadhoo,0.5333,72.9333,83.66,70,56,10.27,MV,2022-06-19 22:41:19
453,Davenda,53.5556,119.317,57.56,99,100,2.64,RU,2022-06-19 22:41:19
454,Diffa,13.3154,12.6113,89.24,32,47,7.34,NE,2022-06-19 22:41:20
455,Rembang,-6.707,111.3498,74.98,89,61,7.31,ID,2022-06-19 22:41:20
456,Waling,27.9833,83.7667,72.23,83,65,2.42,NP,2022-06-19 22:41:21
457,Brae,60.3964,-1.353,49.37,94,5,6.91,GB,2022-06-19 22:41:21
458,Port Hedland,-20.3167,118.5667,60.85,72,0,6.91,AU,2022-06-19 22:41:21
459,Bosanska Krupa,44.8825,16.1514,63.07,78,0,5.41,BA,2022-06-19 22:41:22
460,Petropavlovsk-Kamchatskiy,53.0452,158.6483,60.78,72,0,2.24,RU,2022-06-19 22:41:22
461,Virginia Beach,36.8529,-75.978,80.06,34,20,11.5,US,2022-06-19 22:41:23
462,Rincon,32.296,-81.2354,84.16,56,20,10.36,US,2022-06-19 22:42:23
463,Waddan,29.1614,16.139,83.86,22,11,8.66,LY,2022-06-19 22:42:23
464,Bamnet Narong,15.4992,101.6897,78.75,86,92,6.8,TH,2022-06-19 22:42:24
465,Wajir,1.7471,40.0573,75.31,59,75,13.62,KE,2022-06-19 22:42:24
466,Baykit,61.67,96.37,61.59,68,100,7.23,RU,2022-06-19 22:42:24
467,Mount Isa,-20.7333,139.5,58.77,47,99,4.61,AU,2022-06-19 22:42:25
468,Jalalabad,34.4265,70.4515,77.13,47,0,1.3,AF,2022-06-19 22:42:25
469,Evensk,61.95,159.2333,48.22,79,98,5.57,RU,2022-06-19 22:42:26
470,Mandiana,10.6333,-8.6833,76.15,71,74,3.62,GN,2022-06-19 22:42:26
471,Nanakuli,21.3906,-158.1547,84.15,54,75,11.5,US,2022-06-19 22:42:26
472,Fairbanks,64.8378,-147.7164,70.09,58,40,8.05,US,2022-06-19 22:42:27
473,Tomigusuku,26.185,127.675,82.53,91,75,11.5,JP,2022-06-19 22:42:27
474,Algiers,36.7525,3.042,76.82,69,0,5.75,DZ,2022-06-19 22:38:53
475,Harper,4.375,-7.7169,77.05,80,17,8.08,LR,2022-06-19 22:42:28
476,Chimbote,-9.0853,-78.5783,63.63,82,7,11.43,PE,2022-06-19 22:42:28
477,Secunda,-26.55,29.1667,46.33,87,0,5.99,ZA,2022-06-19 22:42:29
478,Tura,25.5198,90.2201,72.41,99,100,5.35,IN,2022-06-19 22:42:29
479,Puerto El Triunfo,13.2833,-88.55,85.12,80,100,6.13,SV,2022-06-19 22:42:29
480,Koumac,-20.5667,164.2833,73.92,58,19,15.66,NC,2022-06-19 22:42:30
481,Samarai,-10.6167,150.6667,80.73,81,68,13.71,PG,2022-06-19 22:42:30
482,El Porvenir,13.7617,-87.3458,74.62,92,100,1.77,HN,2022-06-19 22:42:31
483,Cockburn Town,21.4612,-71.1419,84.16,70,40,5.75,TC,2022-06-19 22:42:31
484,Laredo,27.5064,-99.5075,100.69,32,75,12.66,US,2022-06-19 22:41:45
485,Bogale,16.2833,95.4,77.9,92,90,3.8,MM,2022-06-19 22:42:31
486,Potosi,-19.5836,-65.7531,37.15,15,0,4.16,BO,2022-06-19 22:42:32
487,Sobolevo,54.4299,31.8996,59.83,97,95,3.98,RU,2022-06-19 22:42:32
488,Deer Lake,49.1667,-57.4316,62.46,94,100,4.61,CA,2022-06-19 22:42:32
489,Kavaratti,10.5669,72.642,82.36,78,40,14.45,IN,2022-06-19 22:42:33
490,Daru,-9.0763,143.2092,78.48,87,100,17.85,PG,2022-06-19 22:42:33
491,Moroto,2.5345,34.6666,63.93,78,58,3.65,UG,2022-06-19 22:42:34
492,Jacmel,18.2342,-72.5347,91.24,71,93,5.23,HT,2022-06-19 22:42:34
493,Klyuchi,52.2667,79.1667,59.72,84,0,3.96,RU,2022-06-19 22:42:34
494,Merauke,-8.4667,140.3333,77.95,88,100,12.82,ID,2022-06-19 22:42:35
495,Vostok,46.4856,135.8833,59.99,84,21,3.65,RU,2022-06-19 22:42:35
496,Moratuwa,6.773,79.8816,80.62,86,79,7.83,LK,2022-06-19 22:42:35
497,Te Anau,-45.4167,167.7167,42.8,91,50,2.3,NZ,2022-06-19 22:38:43
498,Winnemucca,40.973,-117.7357,62.65,25,100,6.91,US,2022-06-19 22:42:36
499,Henties Bay,-22.116,14.2845,53.92,89,0,1.28,NA,2022-06-19 22:42:36
500,Omboue,-1.5746,9.2618,71.71,91,56,7.78,GA,2022-06-19 22:42:37
501,Visby,57.6409,18.296,57.42,82,88,9.22,SE,2022-06-19 22:42:37
502,Pitimbu,-7.4706,-34.8086,77.59,81,51,8.5,BR,2022-06-19 22:42:37
503,Novyy Urengoy,66.0833,76.6333,63.93,60,90,8.05,RU,2022-06-19 22:42:38
504,Middle River,39.3343,-76.4394,78.48,41,0,14.97,US,2022-06-19 22:42:38
505,Yuli,9.6989,10.2744,78.15,68,40,6.08,NG,2022-06-19 22:42:39
506,Kohlu,29.8962,69.252,76.21,61,0,7.76,PK,2022-06-19 22:42:39
507,Xining,36.6167,101.7667,59.59,59,100,0.67,CN,2022-06-19 22:42:39
508,Nyurba,63.2842,118.3319,53.87,62,100,14.09,RU,2022-06-19 22:42:40
509,Namtsy,62.7161,129.6658,71.69,48,98,5.68,RU,2022-06-19 22:42:40
510,Toktogul,41.8708,72.9402,61.16,65,88,0.96,KG,2022-06-19 22:42:40
511,Cerro Punta,8.85,-82.5667,55.76,97,100,1.77,PA,2022-06-19 22:43:41
512,Resistencia,-27.4606,-58.9839,57.25,74,0,2.3,AR,2022-06-19 22:40:49
513,Los Llanos De Aridane,28.6585,-17.9182,65.95,93,100,17.27,ES,2022-06-19 22:38:47
514,Palu,-0.8917,119.8707,75.43,95,100,3.4,ID,2022-06-19 22:43:41
515,Katherine,-14.4667,132.2667,64.72,68,90,6.91,AU,2022-06-19 22:43:42
516,San Carlos De Bariloche,-41.1456,-71.3082,40.75,87,75,12.66,AR,2022-06-19 22:43:42
517,Goderich,43.7501,-81.7165,61.12,44,100,5.75,CA,2022-06-19 22:43:43
518,Sobradinho,-12.8333,-39.1,67.33,89,22,4.63,BR,2022-06-19 22:43:43
519,Sao Filipe,14.8961,-24.4956,74.12,93,90,9.46,CV,2022-06-19 22:43:43
520,Bhaderwah,32.9784,75.7186,56.37,76,2,2.06,IN,2022-06-19 22:43:44
521,Opunake,-39.4556,173.8583,52.11,71,97,30.8,NZ,2022-06-19 22:43:44
522,Mangan,27.5167,88.5333,72.79,97,100,1.05,IN,2022-06-19 22:39:49
523,Ocampo,21.65,-101.5,68.83,51,49,26.96,MX,2022-06-19 22:40:04
524,Manzhouli,49.6,117.4333,64.47,78,100,13.76,CN,2022-06-19 22:43:45
525,Ugoofaaru,5.6667,73.0,82.51,74,52,12.39,MV,2022-06-19 22:43:45
526,Mnogovershinnyy,53.9353,139.9242,59.74,61,84,1.95,RU,2022-06-19 22:43:45
527,Cabedelo,-6.9811,-34.8339,77.67,79,18,8.79,BR,2022-06-19 22:43:46
528,Ishigaki,24.3448,124.1572,82.53,100,40,10.36,JP,2022-06-19 22:43:46
529,Sola,-13.8833,167.55,79.32,72,10,1.07,VU,2022-06-19 22:43:47
530,Kodinsk,58.6881,99.1844,60.8,85,100,3.47,RU,2022-06-19 22:43:47
531,Namatanai,-3.6667,152.4333,82.38,72,5,4.21,PG,2022-06-19 22:43:47
532,Kieta,-6.2167,155.6333,82.96,68,3,2.57,PG,2022-06-19 22:43:48
533,Butembo,0.15,29.2833,55.04,98,100,2.26,CD,2022-06-19 22:43:48
534,Baryatino,54.3121,34.521,60.96,98,88,5.35,RU,2022-06-19 22:43:48
535,Valparaiso,-33.0393,-71.6273,53.83,84,40,4.61,CL,2022-06-19 22:43:49
536,Avera,33.194,-82.5271,89.55,15,1,7.52,US,2022-06-19 22:43:49
537,Litovko,49.2361,135.1742,56.88,88,100,1.54,RU,2022-06-19 22:43:50
538,Hami,42.8,93.45,78.04,21,100,12.68,CN,2022-06-19 22:39:10
539,Williamsburg,37.2707,-76.7075,78.85,33,0,10.36,US,2022-06-19 22:42:52
540,Sisimiut,66.9395,-53.6735,43.75,66,63,14.47,GL,2022-06-19 22:43:51
541,Belmonte,-15.8631,-38.8828,71.87,79,52,9.44,BR,2022-06-19 22:43:51
542,Kelvington,52.1667,-103.5343,63.99,89,100,13.38,CA,2022-06-19 22:43:51
543,Kuryk,43.2,51.65,74.32,42,3,6.98,KZ,2022-06-19 22:43:52
544,Abilene,32.4487,-99.7331,101.17,23,0,12.66,US,2022-06-19 22:40:00
545,Berdigestyakh,62.0989,126.6992,69.89,49,88,3.22,RU,2022-06-19 22:43:52
546,Japura,-0.3167,102.35,73.09,99,100,3.15,ID,2022-06-19 22:43:53
547,Santo Augusto,-27.8508,-53.7772,50.95,88,10,5.77,BR,2022-06-19 22:43:53
548,Awjilah,29.1081,21.2869,80.6,33,0,8.12,LY,2022-06-19 22:43:54
549,Slave Lake,55.2834,-114.769,60.78,77,75,11.5,CA,2022-06-19 22:43:54
550,Okha,53.5739,142.9478,51.28,82,98,6.08,RU,2022-06-19 22:43:54
551,Tikhvin,59.6451,33.5294,45.21,74,22,7.52,RU,2022-06-19 22:43:55
552,Kaeo,-35.1,173.7833,55.33,93,100,19.51,NZ,2022-06-19 22:43:55
553,Panaba,21.2833,-88.2667,83.19,70,99,14.54,MX,2022-06-19 22:43:56
554,Bonaventure,48.0457,-65.4926,50.54,93,100,3.44,CA,2022-06-19 22:43:15
555,Varberg,57.1056,12.2508,55.24,92,95,4.83,SE,2022-06-19 22:43:56
556,Fort Wellington,6.4,-57.6,77.59,87,85,12.1,GY,2022-06-19 22:44:57
557,Voh,-20.9667,164.7,72.72,62,2,10.54,NC,2022-06-19 22:44:57
558,Krasnaya Gora,52.9995,31.6023,67.55,76,21,15.55,RU,2022-06-19 22:44:58
559,Tongliao,43.6125,122.2653,75.76,63,38,16.42,CN,2022-06-19 22:44:58
560,Russell,32.3502,-85.1999,92.48,33,0,6.91,US,2022-06-19 22:44:59
561,Bhilwara,25.35,74.6333,78.87,74,81,11.03,IN,2022-06-19 22:44:59
562,Karratha,-20.7377,116.8463,67.84,50,0,15.61,AU,2022-06-19 22:44:59
563,De-Kastri,51.4667,140.7833,58.8,77,75,4.0,RU,2022-06-19 22:45:00
564,Mackenzie,55.2999,-123.1698,62.82,63,75,8.05,CA,2022-06-19 22:45:00
565,Miranda,3.2499,-76.2281,78.93,92,95,2.08,CO,2022-06-19 22:43:55
566,Iquitos,-3.7481,-73.2472,84.24,70,40,2.3,PE,2022-06-19 22:45:01
567,Manokwari,-0.8667,134.0833,79.68,74,100,1.9,ID,2022-06-19 22:45:02
568,Marzuq,14.4,46.4667,81.79,50,100,5.91,YE,2022-06-19 22:45:02
569,Copparo,44.893,11.8249,72.05,71,0,4.74,IT,2022-06-19 22:45:03
570,Linxia,35.6003,103.2064,62.17,67,98,2.59,CN,2022-06-19 22:45:03
571,Faya,18.3851,42.4509,72.12,49,98,3.8,SA,2022-06-19 22:45:04
572,Veraval,20.9,70.3667,84.22,80,100,15.79,IN,2022-06-19 22:40:09
573,Inhambane,-23.865,35.3833,66.67,79,0,4.47,MZ,2022-06-19 22:45:05
574,Ponezhukay,44.8876,39.3855,68.85,68,28,1.01,RU,2022-06-19 22:45:06
